,0,1,2,3,4,5,6,7,8,9,10,11,12,13,14,15,16,17,18,19,20,21,22,23,24,25,26,27,28,29,30,31,32,33,34,35,36,37,38,39,40,41,42,43,44,45
0,1.0,2.558640963730847e-05,0.007859116870830352,4.11505132086539e-05,0.0011290120310887299,1.1290120310887299e-05,0.0028507738363545004,2.8507738363545005e-05,0.0013294739332770102,1.5335290529394594e-05,1.3107334885696254e-05,1.1820678874791607e-07,8.69193653282673e-06,1.3043212776610196e-06,4.1455586739643215e-05,1.1020163295056032e-07,0.00036659807667039235,1.959685302545946e-05,0.0011388091881740672,2.153187338686101e-05,0.023800988272598064,1.425698310577165e-05,0.17009319222294148,0.0018257583581296347,0.006341351754557681,0.00017109088913608812,0.006418721033635454,8.839511002287712e-05,0.014708584047772194,0.00014169693421961656,0.004754126434765912,5.4238529886269396e-05,0.0042364631176894,1.763747697486854e-17,4.068982595761113e-05,1.8114495366306202e-05,0.0019148908295772015,5.273987604255972e-07,0.0003098608832715703,1.2288173066041296e-06,2.64836990295556e-05,1.33859902733357e-07,2.304561256587755e-06,4.1878871228350166e-07,5.6321613098898823e-05,9.6229229728978e-07
1,1.9911159591430636e-05,1.0,4.791609471018992e-05,0.005090273268493077,4.7523527131005076e-06,0.0004752352713100508,2.2053610440010413e-05,0.0022053610440010414,1.0474108124936423e-05,7.930991771004853e-05,4.1015423529950425e-08,1.8033434900088434e-06,7.01118261329405e-08,2.1452259919647516e-05,3.9090154936276875e-07,1.842116187481445e-05,4.8271101050943845e-06,0.0002776925510891691,2.3759000412833957e-06,0.004401958997944877,1.1944067249216998e-05,0.00291979389738718,0.0005560360449031557,0.03957362738521181,1.790603611224788e-05,0.014979632354503943,9.413843510610745e-05,0.016801355226772115,9.63054576342647e-05,0.004922913712920755,3.256521771731074e-05,0.0028253550822452747,2.5769894223304972e-05,7.318955476508234e-15,6.533491274908184e-07,0.000615441135534742,1.9319553234802756e-05,8.795661101007369e-06,6.128361995502287e-06,0.00016217718488089778,5.596143572317585e-07,2.6624934512399106e-05,1.8987266850156555e-08,1.1570107341146284e-05,4.1521184719048553e-07,0.00014504348719070518
2,0.0031095897308523824,2.4362595598225685e-05,1.0,0.0018976883907861697,0.001837755344978419,1.837755344978419e-05,0.00021416520040689298,2.14165200406893e-06,0.0001399990392295929,1.2851658254063954e-08,3.683490028656324e-06,9.841401830575032e-09,1.0751338019477956e-06,1.7637774190475028e-08,8.03500238067153e-06,1.4953411959695264e-07,7.191823901901798e-06,8.871198189272311e-06,0.00011152060693191361,0.00018829325968042584,0.005670237857724654,1.014441619445934e-05,0.00012842103999523543,3.021506857733686e-07,0.0012816994411786542,2.4924656067586604e-05,0.003199119138558148,5.214228824181681e-07,7.535137615083322e-05,7.257918885643388e-06,0.00022839905330382853,9.193501158964959e-07,0.00014330911556902312,3.772777313935586e-19,2.599313703500355e-06,1.571538349353017e-07,0.0008320400180633627,5.331386189053663e-07,3.464962388545181e-06,8.304947914729902e-08,4.262285628372623e-06,1.246645565001477e-07,7.250373266048567e-08,3.415598097284145e-07,9.094695316867699e-07,1.8845262882395702e-07
3,2.7850223973301432e-05,0.004426977649936461,0.0032460035520878935,1.0,1.312294624581821e-06,0.0001312294624581821,9.550402237649958e-06,0.0009550402237649958,4.19249533193721e-07,8.01032592290402e-05,9.650057260904334e-08,2.486937094442665e-06,6.348244267740256e-09,1.4839790456741938e-06,9.187496194938385e-08,3.3966150069437976e-05,3.625008515782435e-06,0.0005865701476720543,2.962719232513087e-07,0.0010689171215127842,0.00042155146352377366,0.002449180104240227,1.445205511111777e-05,0.00864829665265072,0.00011054934060142296,0.0030942004334586493,4.545794293372148e-05,0.001356516111524433,3.7538822317816154e-05,0.0010783454145210085,6.2584446829317085e-06,0.0001614327472052189,5.151851771030217e-06,2.7377994195143134e-18,4.414910073744156e-07,0.0001895087357450773,3.2396205164860936e-07,1.805153476836643e-06,1.7613031736074553e-06,1.38513978184168e-05,2.566474210511728e-07,3.016678324997735e-05,1.4995960376422118e-08,5.8433710820913605e-05,3.980387269523248e-08,0.0003111004789989868
4,0.00029653257764643385,1.6039665390734116e-06,0.0012199223585641296,5.092742952433753e-07,1.0,0.01,0.002291201071299257,2.291201071299257e-05,1.6294623819670613e-05,1.0203836444157082e-07,1.1769995281001522e-06,3.925437726069229e-09,9.874343205637383e-08,1.840253135257051e-08,3.091907932536673e-06,2.3189689041491143e-08,2.5509037620461704e-05,3.8237976600910593e-07,0.0011575665766440936,1.752710551089349e-05,0.0011823719005588668,8.42920817587759e-07,0.000291936983315473,2.0489175315992556e-06,0.00038556449311718345,5.840373772965626e-06,0.0073881395781879204,2.5808844081157404e-05,0.0002431907667212774,3.096501755714021e-07,2.3515050951489153e-05,4.3789805066814085e-07,7.940737080401039e-07,5.61637451450507e-19,1.7106760700676327e-05,1.1380088228615446e-07,0.0029450856379673166,2.092314262469588e-07,4.6339962869707236e-05,2.5273083598990022e-09,3.62871022552071e-07,1.9064776928012464e-08,2.396193416274314e-07,6.180949099244653e-08,5.01021872991632e-07,1.4318274616663287e-07
5,2.9653257764643385e-06,0.00016039665390734116,1.2199223585641297e-05,5.0927429524337534e-05,0.01,1.0,2.291201071299257e-05,0.002291201071299257,1.6294623819670614e-07,1.0203836444157082e-05,1.1769995281001523e-08,3.925437726069229e-07,9.874343205637383e-10,1.8402531352570511e-06,3.091907932536673e-08,2.3189689041491142e-06,2.5509037620461704e-07,3.8237976600910594e-05,1.1575665766440936e-05,0.0017527105510893488,1.1823719005588668e-05,8.42920817587759e-05,2.91936983315473e-06,0.00020489175315992555,3.855644931171835e-06,0.0005840373772965626,7.38813957818792e-05,0.0025808844081157403,2.431907667212774e-06,3.096501755714021e-05,2.3515050951489153e-07,4.378980506681409e-05,7.94073708040104e-09,5.61637451450507e-17,1.7106760700676328e-07,1.1380088228615446e-05,2.9450856379673167e-05,2.092314262469588e-05,4.633996286970724e-07,2.527308359899002e-07,3.6287102255207102e-09,1.9064776928012464e-06,2.396193416274314e-09,6.1809490992446535e-06,5.01021872991632e-09,1.4318274616663286e-05
6,0.0016821271607237035,1.6722012861293793e-05,0.00031938580974777317,8.326534503358477e-06,0.005147370388433008,5.147370388433008e-05,1.0,0.01,0.0004923416847492661,7.64059621136709e-06,3.781400697680802e-05,1.8405555335685213e-07,2.9008229235400543e-06,1.2238769655979746e-06,0.00013443731034427616,3.0024787495499404e-07,0.00033356621530838206,4.967257154095145e-05,0.004909487632716528,2.7132061503855565e-06,0.000311972903731246,1.7904630848559163e-07,0.0001643202764451892,1.0874494007914661e-06,8.167118355399912e-05,3.875556266820283e-05,0.0008270772374360296,0.0002987414341737287,0.014106568959353643,4.7366214415253805e-06,0.00047807253282449233,3.3640060662374425e-06,0.00027941319064460996,8.394051263831271e-18,0.00031332870986054283,1.5213409266609961e-05,0.107132985179228,2.784832273230632e-05,0.0003112507871757499,7.272725647784954e-07,6.401614637282465e-07,8.743029085618854e-07,1.1436621701493221e-05,1.5688516234260924e-06,1.1019736991984436e-05,3.0658757750796987e-06
7,1.6821271607237034e-05,0.0016722012861293792,3.1938580974777316e-06,0.0008326534503358478,5.147370388433008e-05,0.005147370388433008,0.01,1.0,4.923416847492661e-06,0.0007640596211367091,3.781400697680802e-07,1.8405555335685214e-05,2.9008229235400545e-08,0.00012238769655979745,1.3443731034427616e-06,3.0024787495499406e-05,3.3356621530838206e-06,0.004967257154095145,4.909487632716528e-05,0.00027132061503855565,3.1197290373124604e-06,1.7904630848559162e-05,1.643202764451892e-06,0.00010874494007914661,8.167118355399912e-07,0.0038755562668202834,8.270772374360296e-06,0.029874143417372868,0.00014106568959353644,0.00047366214415253807,4.780725328244923e-06,0.00033640060662374423,2.7941319064460996e-06,8.39405126383127e-16,3.1332870986054284e-06,0.0015213409266609961,0.00107132985179228,0.0027848322732306322,3.1125078717574987e-06,7.272725647784953e-05,6.401614637282466e-09,8.743029085618855e-05,1.1436621701493221e-07,0.00015688516234260924,1.1019736991984436e-07,0.00030658757750796987
8,0.0005539107357567193,5.60776497969881e-06,0.00014741974815524712,2.580947125323447e-07,2.584820871950449e-05,2.584820871950449e-07,0.0003476406109174823,3.4764061091748233e-06,1.0,1.2752560714563189e-05,3.914666929648901e-06,3.575872779304722e-08,2.9513065347755525e-06,3.00750941723897e-07,1.0195931130091275e-06,1.6325312847489712e-07,0.0001943803251235588,4.9097811357606905e-06,0.00011499438560879913,6.802218346586136e-08,1.1326709224577993e-05,1.8327917394368182e-07,1.898682556240615e-05,8.406713070155029e-07,3.2993319663955687e-05,2.1756851430667875e-06,0.002188683837199296,1.53711042654142e-05,0.014624903520922931,1.8132859806725097e-05,0.00023000450259245237,5.90737043050379e-06,0.0005110689581458574,1.598982607834703e-17,0.00010226957567912975,0.0005206137012615773,0.0009667652081034705,2.556797065088193e-06,0.012519676233661707,2.407503466504985e-06,7.757113877262075e-06,5.781614968237882e-07,1.928121381441322e-06,5.835026778154644e-07,5.646191815591077e-07,6.885803116342247e-06
9,7.353987222818937e-06,4.8873242960215095e-05,1.5576170232107123e-08,5.675806924049905e-05,1.8630328329728182e-07,1.863032832972818e-05,6.209577512140364e-06,0.0006209577512140364,1.4678048104526178e-05,1.0,3.104555110092987e-07,1.742374716963038e-05,1.0596375555068668e-06,0.0001783040439824109,1.3677044090196764e-06,0.00021667822568325934,5.952377842846319e-06,0.0004982978340168343,2.106470016970085e-06,3.6094479815720755e-05,1.7250476529418306e-06,1.560798180447142e-05,1.5824390388014063e-06,5.429207984222638e-05,1.480716789013922e-06,3.816773611379679e-05,1.2511066234382634e-05,0.0018869320012237269,6.532783525670415e-06,0.015233737891895065,0.0002259154956727349,0.0005289771521987426,4.487385739155494e-06,5.557991885156385e-16,0.0002867231435009364,0.0014124059479486816,5.618393027440316e-06,7.817883929755609e-05,1.269146573987222e-06,0.0004340180769097125,1.675656122466302e-05,0.00042152756183605006,4.3775520167772756e-08,0.00031724872507554345,7.87434669106019e-06,0.0012733302666774813
10,1.1532249755815215e-05,4.6372407077306435e-08,8.19086552843349e-06,1.2545156916861112e-07,3.942775867537138e-06,3.942775867537138e-08,5.6384052250593345e-05,5.638405225059335e-07,8.26674430516715e-06,5.695976050787003e-07,1.0,0.00038661681320971186,0.037622902307357285,0.00012406493075078556,0.011209556969026918,1.257762477545789e-05,0.0003245777391995498,6.505726363033657e-07,5.134721668699311e-06,2.8015374106611415e-08,9.52282585848607e-06,1.444483562808534e-08,6.831417245489669e-06,4.9100904086759844e-08,1.1876041479750433e-06,1.245243080330458e-08,1.1982352696838694e-05,3.75947805846276e-07,8.544035247307961e-06,5.79985651366392e-07,0.0006687838922155882,8.50636066240729e-06,0.001095701188548364,1.6597055596024223e-15,4.7685383151575116e-08,3.379547288346741e-07,6.537973533913824e-05,1.1892241746174731e-07,7.05574969534914e-07,5.824398052452536e-07,0.0027496148601136522,9.194316296178843e-05,0.015421067861670436,0.00019503967393927923,0.014323232315520337,3.954889882338543e-06
11,9.507072669643722e-08,1.8637842869654458e-06,2.0004698607975215e-08,2.9553965241628584e-06,1.2020392350813897e-08,1.2020392350813897e-06,2.508749280247168e-07,2.508749280247168e-05,6.902819186673416e-08,2.9222346903473675e-05,0.00035341541407708435,1.0,9.58105692878781e-05,0.014017187364345752,5.948868509752516e-05,0.0012858189736578542,6.6345012980586714e-06,1.9647427665970366e-05,1.5455201486932804e-08,2.372253059676303e-06,4.300372590906047e-08,1.0088769303097857e-06,3.044263935052109e-08,8.565547972189374e-07,2.6388782385231473e-08,1.2203525433259566e-05,3.0274748862240804e-07,1.0496589494279665e-05,1.349464798446195e-07,0.00011575335913395534,6.570481831549867e-06,0.00041086150016227867,5.437145288190355e-05,2.3763771731948593e-13,7.930217498872347e-08,1.1760970551697942e-05,3.2227759516141564e-07,2.0804502938871554e-06,6.870700063548673e-08,0.00011057666921260844,2.0466766749921723e-05,0.013589932284900736,0.0010226585236898303,0.0030457069106479065,0.0001412979578917329,0.00037240262929138395
12,9.176120780763576e-06,9.511448243593815e-08,2.8686379842714445e-06,9.902452497499974e-09,3.968962083883671e-07,3.968962083883671e-09,5.190004502319657e-06,5.190004502319657e-08,7.47819763004824e-06,2.3327545980072656e-06,0.04514349986789918,0.00012576262718457545,0.9999999999999999,0.00045742859363957436,0.01181446588621543,2.1172642502022797e-05,0.0001528866030220666,1.5443321062597423e-08,8.892883108467378e-07,1.588649287866538e-08,3.255085096383613e-07,6.069398976724271e-09,4.110010536264602e-07,2.552265062838471e-08,1.746368037658067e-07,6.667981591256747e-08,3.4942609110183954e-06,8.885764248564855e-08,1.630902070481599e-05,2.0060972483393455e-06,5.348496852292208e-05,1.4094553853317749e-05,0.003112555823089946,3.693280519672281e-15,7.99876086063486e-05,9.12768827738484e-08,5.7318117479093156e-06,2.3633518144733767e-08,4.485259389559775e-06,7.639974474035437e-08,0.001279279515141531,0.0002607362202757635,0.09739709536183304,0.0001270925358207602,0.007960207808534257,7.894795136777997e-07
13,4.870660163796798e-07,1.0294116894409625e-05,1.664629864229448e-08,8.187995253703082e-07,2.616417067030477e-08,2.616417067030477e-06,7.745419632706086e-07,7.745419632706086e-05,2.695567986057905e-07,0.00013884606636990266,5.265657938497189e-05,0.0065081826703577515,0.00016180203659195945,1.0,0.0007744957180350549,0.001492549627781265,1.1854344722192777e-05,0.00012565627525552595,6.938470971298869e-08,5.869095952182405e-06,4.959346844965025e-08,3.0863227964346974e-06,1.2267619057764543e-07,1.0669100145962585e-05,1.1799429397488265e-07,2.2362594984478824e-05,1.3386379649104108e-06,2.6259052128653145e-07,6.36475877459672e-07,0.0006151060380900414,2.921069207456256e-07,0.002056613628911337,6.138121074250654e-05,6.9610472517687716e-15,1.3763402300178367e-06,4.092209352174041e-08,1.0589473508326272e-06,9.062194839519751e-06,5.0897642783286566e-08,0.000262393087133389,0.00010867222707265693,0.001134911665988269,0.000124855333802539,0.11317998826348989,3.44759540740043e-05,0.0006090864095906933
14,1.990974522332635e-05,2.412475010362597e-07,9.753024153560243e-06,6.519681382766057e-08,5.6537336775889605e-06,5.6537336775889604e-08,0.00010942243937831567,1.0942243937831566e-06,1.175302266336991e-06,1.3697585514584884e-06,0.006118873022933294,3.552324340697391e-05,0.005374699082596238,0.0009960896037940672,0.9999999999999999,0.0003949387311098598,0.0008151869698055901,1.93978473262025e-06,1.6311330225221127e-05,1.8676504093759427e-08,3.460750226305582e-05,1.257957147506637e-08,1.6110004632338627e-05,1.0984554462605763e-07,1.500037794437006e-06,5.011067745047187e-07,3.313814400544239e-07,3.33396173223772e-06,9.406324735503401e-05,1.3753775461079002e-05,0.00024345586027673364,6.753040007197294e-05,0.0019467046085175045,6.781391601261382e-18,0.0003747389999826387,3.345014591890489e-07,0.00019180373856474576,2.2170622002238315e-07,1.242641449801102e-05,5.457952666048054e-06,0.01840221595031473,0.0006355691580242206,0.007414945938610093,0.0007055576166249515,0.00846796558828257,1.2525258747008335e-05
15,1.0134856850042766e-07,2.1770048833410036e-05,3.475686049749857e-07,4.615539550830026e-05,8.119899822055117e-08,8.119899822055117e-06,4.679651074990646e-07,4.679651074990646e-05,3.603554922169148e-07,0.0004155411112233178,1.3147058020931914e-05,0.0014702968428600485,1.8444295806009402e-05,0.0036758274748967495,0.0007562696625760179,1.0,5.274393665396242e-06,0.0002943834641696305,4.828420667234386e-08,1.362494966600249e-06,2.2585074487695722e-07,3.192900051115871e-06,3.005909349413297e-07,4.9017433007681436e-05,1.667297944597126e-07,3.9859965341507e-05,7.16483741088197e-07,0.000400158954366339,2.176717894960019e-06,0.0009136549458875935,1.4130877582396904e-05,0.010630094409654782,6.580072320052692e-05,1.9817668984703865e-15,3.7180868961998726e-06,6.223979822569888e-05,1.191569590543667e-06,1.4346850635576305e-05,2.022728334264184e-07,0.0001451142226368293,0.0010800902839193138,0.019472817045624768,9.801641515451872e-05,0.03994738016500227,0.0007142938007300771,4.9918228401081386e-05
16,0.00014980992340820528,2.5348391158685137e-06,7.4277982356722036e-06,2.1887995700027673e-06,3.9689043380424e-05,3.9689043380424003e-07,0.00023101298843441245,2.3101298843441246e-06,0.0001906526069225548,5.072359525148015e-06,0.00015075422309426603,3.370965353929121e-06,5.9180312787222134e-05,1.2972530552799568e-05,0.0006936254070940401,2.3436532227897875e-06,1.0,1.2426148674111915e-06,3.4383174910035456e-05,4.196601970592096e-07,6.205416539617213e-05,5.713053359736631e-08,5.771711120366642e-06,6.219733463949759e-07,6.01393939760021e-06,4.9845362206574305e-06,0.00018429914473135325,3.4611057150946533e-06,0.0006773227437559412,1.8012597284818247e-05,0.006174635067707988,0.00019604134790370323,0.007801534197180222,3.1687410017003084e-16,0.002833461807508761,4.940546179714397e-06,0.00026483649338877776,1.653747045376089e-07,5.9076322323088604e-05,0.00028306905088841094,0.0002714866431451146,3.485590845919818e-06,7.663742390003016e-06,2.38524234039644e-07,0.00016404123126206006,0.0002063845353282614
17,1.4040812169701762e-05,0.00025567185341732304,1.606418990913949e-05,0.0006209725669765273,1.0431024235131423e-06,0.00010431024235131424,6.031515929111665e-05,0.006031515929111665,8.443219329880548e-06,0.0007444988491704142,5.297879094520866e-07,1.7502786627399177e-05,1.0481031343586796e-08,0.0002410942353246629,2.8938551879656698e-06,0.00022934523252206185,2.178672942369021e-06,1.0,1.3589611262292228e-06,0.00021997222186098867,2.008551122986077e-05,4.8935521646294934e-06,1.5342055134488534e-05,0.001168265445234258,3.987632477709004e-06,0.0032387741843306634,6.274857127439117e-05,0.001484997343067345,0.00011993608258674645,0.005268275538085697,3.538825248276244e-06,0.0005314235815921134,6.504372819037455e-06,1.0041352243331559e-14,1.640625118949044e-05,0.007535922410668218,1.5715963884487083e-05,0.0008109210381935986,0.0007789634031593639,0.00022074491402135422,6.556020517417139e-07,0.0003875852386635164,5.896563217140965e-07,0.00040225089418893166,1.5019628639436576e-07,0.00016016973692126345
18,0.00043560247585715516,1.1678319090345857e-06,0.00010781151652511672,1.6744664004912626e-07,0.001685821206837486,1.685821206837486e-05,0.0031825811663684345,3.1825811663684344e-05,0.00010557377679708643,1.680210893507932e-06,2.232320978088252e-06,7.350377667661728e-09,3.222102753391011e-07,7.107222353043603e-08,1.2991105836450223e-05,2.008236648126057e-08,3.218362459245769e-05,7.255051783058671e-07,1.0,5.066730870060434e-06,0.0013989072594331254,2.2256814542465058e-07,8.633581739918181e-05,2.1075535431902175e-07,0.0002689058779505129,1.918913781555315e-06,0.00034895342975249015,4.7971862497675716e-05,0.000146589109832252,4.334217896670943e-06,6.339772335341379e-05,7.18907042618508e-07,0.00010570557418467007,8.130553737719999e-19,6.579801141825471e-05,9.564732305635914e-08,0.00209766842536848,3.3700327364898237e-05,0.0003849198930357215,4.877473576043414e-08,1.5990904350713947e-06,6.495357965692889e-08,8.317302545770127e-07,1.0727235041547766e-07,2.6514379624773988e-06,2.72584165815152e-07
19,1.6807419286458086e-05,0.004415480847041124,0.0003714707687314037,0.0012328487926297636,5.209014605908956e-05,0.0052090146059089555,3.589268527468984e-06,0.0003589268527468984,1.2744119330107105e-07,5.875287747283408e-05,2.485512773321671e-08,2.3023738189984463e-06,1.174639699127355e-08,1.2268378797663426e-05,3.0355134955555383e-08,1.156443806426072e-06,8.016164067189637e-07,0.00023965205879944074,1.0339693767332747e-05,1.0,0.0023753517490065356,0.00045057424613956817,2.309252623402116e-05,0.0005224334782645881,4.867392683750763e-05,0.002429203222243428,8.18047282310589e-05,0.0006974308519340221,1.2123664952585945e-05,7.860402373322613e-05,5.858945067664562e-06,3.2000710275236634e-06,2.198521068314071e-07,4.318627836686462e-16,3.372921561303067e-08,5.2937785104814166e-05,1.25663364448328e-05,6.720565116932027e-06,4.155483334961326e-08,1.1849624414409172e-05,6.78593450252338e-08,1.1337265378351184e-06,5.135505615969024e-09,4.302388406317783e-06,5.426477730978794e-08,2.932430750342445e-05
20,0.013147792179145286,8.478575185167935e-06,0.007916437208367624,0.00034407649501876645,0.0024867841899243698,2.4867841899243697e-05,0.000292064422200454,2.92064422200454e-06,1.5017638158420168e-05,1.987138209445138e-06,5.978937851859521e-06,2.9536534009548095e-08,1.7032469198705663e-07,7.336333632223016e-08,3.980571783019204e-05,1.356593646250155e-07,8.388385473456287e-05,1.5485842446565993e-05,0.0020202605681802453,0.0016809955114072531,1.0,1.4676122553321536e-06,0.013742331688491169,4.5491772210606896e-05,0.0022641749844209687,0.00010342948200598249,0.0014973886251654254,8.987367235327205e-05,0.005634295421061287,7.006816835599126e-06,0.00030026892181965736,2.4218696313204954e-06,0.0001213508600808745,2.1749966282703365e-17,9.65238860592409e-05,1.3396135721320138e-06,3.100622108615932e-05,1.0273722075788337e-06,0.0005316223439650284,1.3325818407848075e-07,2.7738092984241785e-06,1.3885174186629553e-07,1.8242568996807558e-06,3.7986937137161153e-07,1.7679431960545093e-07,4.818604730415735e-07
21,7.854611002227478e-06,0.002067102624793731,1.4125204983591586e-05,0.0019937207695914488,1.768112862355299e-06,0.00017681128623552988,1.6717308575588074e-07,1.6717308575588075e-05,2.423540096783516e-07,1.7931347783501808e-05,9.045029903742786e-09,6.910840084359066e-07,3.1673799182894165e-09,4.553393081711343e-06,1.4430462726130635e-08,1.912726088438153e-06,7.702202403977837e-08,3.7628367300729666e-06,3.2056837562735776e-07,0.0003180125025106446,1.463694819965964e-06,1.0,0.00031074626557566756,0.0019594614356857297,0.0011445520576222337,0.01675124662773301,7.223698656166803e-06,0.0008324149971621331,9.517157544703412e-07,0.00035873152087453295,3.4080458362193514e-07,5.212496778409191e-05,9.75745267277913e-08,8.857652598203061e-18,1.134854883918852e-07,2.309749948240482e-05,1.8177263681468166e-06,8.761840368494617e-08,1.4574773235421634e-07,9.121195719045137e-08,9.883511571138874e-09,1.4665652061554257e-06,9.921382248039328e-11,3.3756448236329983e-06,2.297288219350054e-08,5.393601688762217e-06
22,0.07242272673328957,0.0003042311514075255,0.00013819577845006315,9.092098101420061e-06,0.00047326372033297065,4.7326372033297065e-06,0.00011857224375875335,1.1857224375875335e-06,1.9403512050367064e-05,1.4050250454488377e-06,3.305971521674876e-06,1.6116318762237222e-08,1.6576326816252732e-07,1.3987656925223818e-07,1.4282392675323911e-05,1.3916634794438975e-07,6.013705088272784e-06,9.117286143068754e-06,9.610358049668567e-05,1.2596218019929243e-05,0.010592306190840116,0.00024015786376163043,1.0,0.0009973866679205239,0.03783537693397674,0.001028549611566845,0.0017762141149216058,7.906079316279524e-06,0.00410197216991617,8.278268666587891e-06,0.0008933160901471468,1.9097298148059777e-06,0.00016113101093954933,2.6818824356893722e-17,0.00013436311207345498,1.9557341552090986e-06,0.0006094535518419432,2.9726940638541537e-07,6.97407596195581e-06,1.3467807196073203e-08,1.2400328575060698e-06,1.6148188047762494e-07,3.753440415883755e-06,2.448022743168341e-07,6.396766516899001e-07,3.2870427136187805e-07
23,0.001551160033792886,0.043204796566071506,6.487950786862271e-07,0.010856515357092963,6.627716826957903e-06,0.0006627716826957902,1.5657640171411397e-06,0.00015657640171411397,1.7142713924599813e-06,9.618756381048961e-05,4.741362428480286e-08,9.048239060986516e-07,2.053981415436781e-08,2.427380455070015e-05,1.9431803905663904e-07,4.528290540695819e-05,1.2931076568249118e-06,0.0013853163061816414,4.6811499048745197e-07,0.0005686238760227185,6.996620599833626e-05,0.003021711398989151,0.0019901642814106426,1.0,0.00027520191142849424,0.013847363939538731,6.248032734092554e-05,0.0024343760611502865,1.3287775129386598e-05,0.0032477593900328444,6.935642969564659e-06,0.0011302288353093614,1.0198546435913666e-05,1.313760630696874e-15,1.0470076062677303e-06,0.0007492449253049586,1.8035321416848235e-05,3.6941405062037044e-05,1.6337092909186286e-06,3.615028314079859e-05,2.0281904019368346e-08,2.783329710828606e-05,1.7866463184585487e-08,5.3068582349331234e-05,4.815249053368272e-08,0.0002972579536626787
24,0.004850876387978821,1.760153789941002e-05,0.0024779652539311217,0.0001249513877628345,0.0011229529322760016,1.1229529322760016e-05,0.00010587932259500706,1.0587932259500705e-06,6.0576534257598025e-05,2.361997869667678e-06,1.0325484181785102e-06,2.509882099569165e-08,1.2654108769436737e-07,2.417108356466265e-07,2.389229833424684e-06,1.3868260459153246e-07,1.1257631050618584e-05,4.257430764506614e-06,0.0005377733571005969,4.7699687275186176e-05,0.0031353823636297747,0.0015891938203040235,0.06797488608859856,0.0002477858492661901,1.0,0.00019209452208273202,0.007152586761382031,2.091141257235421e-05,0.0024555867629139708,1.2970576142655216e-05,0.0002567953073615387,9.498256229535229e-07,0.00021665274671937062,2.069756024916072e-17,7.164330374875361e-05,2.6133059238283507e-07,0.0022486784513984673,5.216753022271157e-07,2.1040413333165937e-05,5.797819179071604e-08,2.0817511736748827e-06,7.716910756379573e-08,1.464618333405461e-06,3.1191988202799164e-08,3.3283963631172626e-06,9.989550066360919e-08
25,0.0001296773942514408,0.014589867298736754,4.774602486062842e-05,0.0034652326541821073,1.6854046627945755e-05,0.0016854046627945755,4.978234835070352e-05,0.004978234835070352,3.957978967246877e-06,6.032577778532588e-05,1.0727336034902514e-08,1.1500541996140404e-05,4.787284187253763e-08,4.5389598402346895e-05,7.908334485571549e-07,3.285070691890458e-05,9.245102877340002e-06,0.00342619570770461,3.8023621378896976e-06,0.0023587505990448703,0.0001419135620806498,0.02304557126316955,0.0018309424599152221,0.012353533278548082,0.00019033296299964284,1.0,0.00020294617353347228,0.01574800671888816,0.00039638546812747674,8.981819502681443e-05,7.904660417452706e-05,0.0004935654987225176,3.0067270754337863e-06,4.300415056490789e-15,1.1334223048040264e-06,0.00041476349020181177,1.3667536335751239e-05,0.0002140876324176442,2.03706745355688e-06,6.427102624675016e-05,5.783872564232082e-07,2.9795606657329178e-05,1.808380943177024e-07,2.079604923064724e-05,4.241834305237079e-07,0.0010740364171578668
26,0.004813960085578634,9.072641574934027e-05,0.006063942180305468,5.0374451088332224e-05,0.021096734276768794,0.00021096734276768796,0.0010512451217349992,1.0512451217349992e-05,0.003939826153207133,1.956669360620276e-05,1.0214013767790143e-05,2.8231252017163177e-07,2.48237128633771e-06,2.6885237162624165e-06,5.174871005708732e-07,5.842930688437342e-07,0.00033824150962546946,6.56828413662603e-05,0.0006841984376871985,7.859830369408801e-05,0.002032968611355797,9.833691011841366e-06,0.003128681546649922,5.5154883448433204e-05,0.007012594952522372,0.0002008156056419499,0.9999999999999999,0.00011464665871369053,0.014303013978694133,2.2084611373410394e-05,0.010781483625540256,2.3588920202316413e-06,0.001140371457211367,1.0189602237578987e-16,0.0015947795168160387,4.451813811027025e-08,0.004118016169318029,3.467439823736556e-06,0.0021299359359011195,6.791919155483376e-06,0.00011026113662579331,4.626003220135109e-07,1.7945397488529848e-05,1.5629839009938333e-07,5.538469282360033e-05,4.7242420342924977e-05
27,5.498471867029757e-05,0.013429841157078966,8.19736940276313e-07,0.0012467669655750854,6.112353704919772e-05,0.006112353704919772,0.0003149293735095036,0.03149293735095036,2.2948741771252072e-05,0.0024475927253703954,2.657918605719353e-07,8.118159602641656e-06,5.2355942060827524e-08,4.374108605816402e-07,4.318090507606654e-06,0.0002706554129659689,5.268393815292004e-06,0.0012892393397680925,7.801192054695822e-05,0.0005557707737103589,0.00010120184125345022,0.0009398458240040727,1.1550133218664359e-05,0.00178233003750176,1.7004300586027218e-05,0.012924149293451826,9.508700856431326e-05,1.0,0.00026795674074010377,0.013168692147580376,7.075851690840351e-05,0.01195578928109655,8.879973153173136e-06,5.750357965127699e-15,2.310270094347309e-06,0.0002706571589169521,0.0007263092996185204,0.000704989373724182,6.760471255404359e-06,6.308119921455443e-05,5.293063416121322e-07,5.84995244774449e-05,1.4815821650201804e-07,0.0004821369639799584,2.1062920472122566e-07,0.0004980899460980997
28,0.012548616911587917,0.00010558170946722762,0.00016247510889532915,4.7320813507241206e-05,0.0007899475088395973,7.899475088395973e-06,0.020396250255824082,0.00020396250255824081,0.029947325879647328,1.1622308506378406e-05,8.284921202339625e-06,1.4314697031420714e-07,1.3179845035254438e-05,1.4541315363960028e-06,0.00016709456586796198,2.019284693989824e-06,0.0014140678680186723,0.00014281340049323576,0.00032695450464666296,1.3250726911434203e-05,0.008701753342940436,1.4737886469787287e-06,0.008219204081346177,1.3343321665733525e-05,0.0027386839371544417,0.0004461750975646988,0.01627041288168987,0.0003675157154140914,1.0,0.00014683271807596716,0.037756694561713426,1.9531216644195008e-05,0.00954424543032111,2.2104254203229862e-16,0.00013871285387726952,0.00013900903882022869,0.05286312872051273,9.215226444982437e-06,0.004241432697738667,5.0682661720052795e-06,7.537138572794863e-05,1.6220154624176284e-06,0.00014202678711001785,2.1735597522575238e-06,4.170371943538284e-06,1.5510735558226892e-05
29,0.00010158180130764102,0.004535137666645524,1.3150377491822971e-05,0.001142246709100786,8.451872630061406e-07,8.451872630061406e-05,5.7547713587034965e-06,0.0005754771358703496,3.1200517952612636e-05,0.022773567680096574,4.7257752277958586e-07,0.00010317742014826388,1.3622752401828607e-06,0.0011808702900264494,2.0530274185821157e-05,0.0007122100150086225,3.159958619330261e-05,0.005271303754179674,8.123193899082906e-06,7.219066077283262e-05,9.093234274437465e-06,0.00046679688363721235,1.3938210935759674e-05,0.002740475942631078,1.215559885702456e-05,8.495371735934578e-05,2.1110145816647984e-05,0.015176944090258852,0.0001233824243210223,1.0,0.00019477229221017298,0.015541792641305644,9.12962557942824e-05,5.267672406117227e-15,1.991410100089895e-06,0.0063448310092249155,2.027540731211637e-05,0.0008378995815148559,3.634651849433479e-05,0.0006430285842766029,3.784274609238891e-06,6.51674283706978e-05,1.7360641803452221e-06,0.0010378145104247575,4.128184668155284e-06,0.0019853551019300033
30,0.005049196248940714,4.4444528654693416e-05,0.0006130790511234434,9.821198867965067e-06,9.508753840410695e-05,9.508753840410695e-07,0.0008604967946037736,8.604967946037735e-06,0.0005863108151766379,0.00050034167839155,0.0008073050777008903,8.67649553982851e-06,5.380723718838742e-05,8.3078781866108e-07,0.000538380250396866,1.63189070393077e-05,0.016047686022124856,5.245715661221556e-06,0.00017602964323804106,7.971714430093026e-06,0.0005773033365450895,6.569917316819089e-07,0.0022282747529486025,8.67011669774914e-06,0.0003565334181950464,0.00011076367304154499,0.015267786105918276,0.00012081378158128852,0.047002449916788515,0.0002885514379693392,0.9999999999999999,7.542810670386701e-05,0.04993996128235313,2.734994425681908e-16,0.0672293916063285,1.7243830167363212e-05,0.0013513809994092534,2.7507496181544746e-06,0.0003172391498909353,1.5122004409095115e-05,0.006606773133112771,2.4611083055231463e-05,0.0008480258078799011,2.2698281856060168e-05,0.0022294302244225727,6.443514579522374e-07
31,3.838524133085665e-05,0.00256946198965755,1.6444018420483709e-06,0.00016880859956701916,1.1799280751168582e-06,0.00011799280751168582,4.034754150896759e-06,0.00040347541508967583,1.003438163849897e-05,0.0007806608806415716,6.842274832049314e-06,0.00036153256216941564,9.448549100333989e-06,0.003897676811378787,9.951144945531645e-05,0.008180199556005525,0.00033951084053542014,0.0005249177923425311,1.3301166406889387e-06,2.9013275815195726e-06,3.102767878806175e-06,6.695840790349496e-05,3.1742443401578204e-06,0.0009414764041570287,8.787430094440072e-07,0.0004608544313771127,2.2259245685291893e-06,0.013602566294577208,1.620170306234313e-05,0.015342708018131217,5.026180132094826e-05,1.0,0.0006236019450349085,1.7592116663768144e-14,0.0001288454995255727,0.0013188322114647813,7.293392571222474e-06,0.00014567235610816264,8.33669940243823e-06,0.0022354889267893513,2.2367256772722415e-06,0.00020803038886152138,2.2882914389674654e-05,0.010474594929149657,8.545405729072156e-06,0.0035602641126132257
32,0.0023303719729850757,1.8215758080561386e-05,0.0001992353000020117,4.187277479805595e-06,1.663063348587742e-06,1.6630633485877422e-08,0.0002604789690166612,2.604789690166612e-06,0.000674747626825054,5.147357818381853e-06,0.0006850374392084565,3.71867618477778e-05,0.001621796627478266,9.041781739425749e-05,0.00222966306320164,3.935708244137878e-05,0.010501502384270113,4.993687380466844e-06,0.0001520128604275692,1.5492918399605984e-07,0.00012083892051960111,9.742293866787648e-08,0.00020816754012662711,6.6030834708432915e-06,0.00015579289739158907,2.1821190219428515e-06,0.0008364002872568989,7.85271263097886e-06,0.006153729791643461,7.005180491854834e-05,0.025865358162153684,0.00048469988198235504,1.0,8.94957445429492e-16,0.009582911571962685,1.971406458493158e-06,0.0007116382146374057,8.131043007944377e-08,0.0001105047603228817,1.2859973424696944e-05,0.0184894662260232,9.447915235364385e-06,0.002051204581728383,5.389871885439081e-05,0.007865250567810305,3.8999500697794075e-05
33,4.822805762073719e-18,2.571729057143311e-15,2.607324808675007e-19,1.1061435776173002e-18,5.84716741223747e-19,5.84716741223747e-17,3.889903875862132e-18,3.889903875862132e-16,1.0494145836469901e-17,3.1692051783195113e-16,5.158158894734074e-16,8.079310314060376e-14,9.566058486841951e-16,5.097234843326257e-15,3.860997310351275e-18,5.892319565011721e-16,2.1203114317858602e-16,3.832212818444599e-15,5.81224695767178e-19,1.5128291151437104e-16,1.0766240051597769e-17,4.396275574233852e-18,1.722325006050648e-17,4.2283044051827085e-16,7.398507238341076e-18,1.5514446750757856e-15,3.7150662127651614e-17,2.527809987636767e-15,7.08458121071102e-17,2.00921593576888e-15,7.041549448479246e-17,6.797121639054104e-15,4.44881020308003e-16,0.9999999999999999,3.49103303743523e-17,4.624008706939295e-16,2.4319402133147838e-17,2.508566046916924e-16,6.319278174225344e-18,4.887631301847811e-15,8.83556372493565e-18,9.295461507549937e-17,1.9586078907319424e-16,1.2996071367520301e-14,5.358790226485237e-18,2.0304300249605042e-15
34,2.8601421033316196e-05,5.901465732463986e-07,4.6177575705077345e-06,4.5853258600376234e-07,4.5782100704151835e-05,4.578210070415184e-07,0.000373255237480752,3.73255237480752e-06,0.0001725393974198263,0.000420275105184919,3.809670470427044e-08,6.930785902071578e-08,5.325763990817889e-05,2.590742999715571e-06,0.0005484638856312208,2.841788323344949e-06,0.00487381165517262,1.60955284966302e-05,0.00012091360513790146,3.0373077868347226e-08,0.00012282272731660462,1.44792165458357e-07,0.0002218165227658078,8.662401447431159e-07,6.583229869303016e-05,1.051129299585487e-06,0.0014946807590735822,2.6106627266573034e-06,0.0001142861206444852,1.9525718710164768e-06,0.04449481819714928,0.0001279719143678535,0.012245525891714694,8.974131444625225e-17,1.0,8.865716433402127e-06,0.0012922965617292782,2.6163950435456805e-07,0.0007935603124249433,2.401989931168745e-05,0.005411640716782928,2.5467233654357155e-06,3.338632621483061e-05,4.5573421214965007e-07,0.0022258793132939316,4.0101486723762356e-05
35,1.0546683752743944e-05,0.00046045691534094376,2.3125190590141692e-07,0.00016302923167453326,2.5226759681978033e-07,2.5226759681978032e-05,1.501136460309845e-05,0.0015011364603098448,0.0007275206438577371,0.0017148192840068164,2.2363952830301978e-07,8.51389817915333e-06,5.0339385392995996e-08,6.38034668503661e-08,4.0551326387476636e-07,3.940290764692593e-05,7.0390531898856056e-06,0.006123788852997774,1.455871774634694e-07,3.9485371951014706e-05,1.4119242006641815e-06,2.4409428039373724e-05,2.67430886450808e-06,0.0005134523960472911,1.9890310963181608e-07,0.0003186051651482961,3.4559917112256545e-08,0.00025333514062398277,9.486537534865643e-05,0.005152930527499629,9.453048741506954e-06,0.001084982826021711,2.0866232400801425e-06,9.845664112020724e-16,7.343477038395953e-06,1.0,1.3556325845909964e-05,0.0001660756141972428,0.00012633523986008594,0.0001253891800168484,9.505811101054859e-08,6.129840980131846e-05,6.88297621340919e-08,0.00014048788415095922,1.168104822540987e-07,0.00027062947865377264
36,0.0004987148347958059,6.465738589878345e-06,0.0005476752763914169,1.2466627184600538e-07,0.002920332842606673,2.9203328426066733e-05,0.04728630890932157,0.0004728630890932157,0.0006043232795204089,3.0513324052675345e-06,1.935315531647824e-05,1.0435998010463865e-07,1.414026703512694e-06,7.385491215914031e-07,0.00010401182087122603,3.3744118685595654e-07,0.0001687857184613357,5.712726015087287e-06,0.0014282549297666832,4.192738088636704e-06,1.461838065866357e-05,8.59289941653815e-07,0.0003727871551860306,5.528646792765437e-06,0.0007655917803450834,4.696357107213067e-06,0.0014300207234771835,0.0003040997799583342,0.01613749557984045,7.365842007617468e-06,0.0003313863019443837,2.6839937008523486e-06,0.00033693467699410574,2.3163162309822403e-17,0.0004788160257167512,6.06401941515978e-06,1.0,2.30752710097992e-06,0.00017664156466408446,8.111256862227384e-07,3.7215329286465516e-06,5.510824158389004e-07,8.71088815885113e-06,9.359905822775649e-07,1.4148924921621539e-05,5.461359087267498e-07
37,8.39744031987575e-07,1.7996543652240747e-05,2.1454510863801165e-06,4.2468656006972865e-06,1.2684136117843567e-06,0.00012684136117843567,7.514685433732047e-05,0.007514685433732047,9.771114994196526e-06,0.00025957698082438506,2.1521468734011916e-07,4.1187057980652056e-06,3.5644589955786304e-08,3.864007554007267e-05,7.350266108628813e-07,2.4839040135116202e-05,6.44356928611285e-07,0.001802106673188974,0.00014028219862248089,1.3708640824377468e-05,2.9612685477087687e-06,2.5322472678706765e-07,1.1116551824125865e-06,6.923216646273828e-05,1.0858497454809842e-06,0.0004497405107470565,7.361439888309921e-06,0.001804582018652456,1.7198431387728067e-05,0.0018609912834285831,4.123892723148133e-06,0.00032773935911500934,2.3535978620387443e-07,1.4607303400464768e-15,5.92665108531688e-07,0.00045417581569720577,1.4107379975349488e-05,1.0,2.58960041793243e-05,2.565244302339249e-06,1.3734739247476081e-07,4.523369399355594e-05,9.855634275557234e-08,0.00012382049932547598,3.98826456597396e-08,0.00021175421852610593
38,0.0001944468687486372,4.941871008960752e-06,5.495451481529051e-06,1.6331079041896521e-06,0.00011071744064816771,1.1071744064816772e-06,0.00033101570469088907,3.310157046908891e-06,0.018856771624420048,1.660791518836058e-06,5.032429752053457e-07,5.360814692543189e-08,2.666116905017202e-06,8.553199834293117e-08,1.62366862648803e-05,1.3802004621523708e-07,9.07187904027341e-05,0.000682252851682611,0.0006314881114217571,3.340692695071302e-08,0.0006039202399789785,1.6601180028975134e-07,1.0278575554659625e-05,1.20668987670851e-06,1.726037006555246e-05,1.6865616372236795e-06,0.0017821602648249485,6.820204601078437e-06,0.003119764305134952,3.181570573651771e-05,0.00018744309795650443,7.39217051219376e-06,0.00012606466316031708,1.4502349309286852e-17,0.0007084551476599896,0.00013616610819433423,0.00042561687115249934,1.0206083910009234e-05,1.0,3.811918729147886e-06,1.3215934973230797e-05,6.608849801481165e-08,3.566017387174372e-06,1.294262901097319e-07,6.052417833687915e-06,5.809238519923628e-06
39,8.648001802178333e-07,0.0001466665259171024,1.4771888432699003e-07,1.4403519285696761e-05,6.771935971890814e-09,6.771935971890814e-07,8.674203326665194e-07,8.674203326665194e-05,4.066637089404612e-06,0.0006369500963588212,4.6588621058606534e-07,9.675815127413604e-05,5.0930481830762885e-08,0.0004945128614884985,7.997892837447528e-06,0.00011104751459126646,0.0004874953090597867,0.00021682695165728337,8.973957333545237e-08,1.068350654362706e-05,1.6977138924278482e-07,1.1651535971121156e-07,2.22606274964789e-08,2.994517437113203e-05,5.3340214149512335e-08,5.967690546598432e-05,6.373338363546272e-06,7.136982411428517e-05,4.180833499296543e-06,0.0006312527384457967,1.0020428397820343e-05,0.002223026344142816,1.6453060876991578e-05,1.2579505760078552e-14,2.4049046151874727e-05,0.00015156496750534572,2.1918374298869774e-06,1.133833703862895e-06,4.275017388465685e-06,1.0,3.238033756158264e-06,0.00018574886636915582,8.39169321426555e-07,0.00016895683409683397,5.421923274051788e-07,0.09970472813954719
40,1.9877603757402305e-05,5.397430125000351e-07,8.085345611151031e-06,2.8462225399638226e-07,1.036964362103839e-06,1.036964362103839e-08,8.142895349706432e-07,8.142895349706433e-09,1.3974156297536139e-05,2.6226444657537478e-05,0.0023456197393176043,1.9099862078134828e-05,0.0009095116286670925,0.00021842417435882528,0.028758939810804823,0.0008814868860747196,0.0004986357968458234,6.867834091146272e-07,3.1377550256128767e-06,6.52492962464919e-08,3.768809140829481e-06,1.3464790909223575e-08,2.185901751271633e-06,1.7917639709721018e-08,2.042564783159215e-06,5.727521248116107e-07,0.00011034530677830759,6.386732342893089e-07,6.630814684441655e-05,3.961982685822612e-06,0.004668993356093578,2.3721477896869303e-06,0.025228297305396906,2.4252490185453176e-17,0.005778465998167008,1.2254197664218425e-07,1.072504155877898e-05,6.474376973764643e-08,1.580698637731223e-05,3.4533317780489914e-06,1.0,0.00017304779035579344,0.0005349703827887587,9.041861361164097e-06,0.18375429854091116,1.0078729537082717e-05
41,9.970945602369181e-08,2.5485149488967663e-05,2.3469265167091656e-07,3.320178312620203e-05,5.406842601966635e-08,5.406842601966635e-06,1.1037016861102378e-06,0.00011037016861102379,1.0336536723075873e-06,0.0006547582141945459,7.784050376976748e-05,0.012586319161368584,0.00018396899359528226,0.002263834385426013,0.0009857482614133053,0.015771937097697773,6.353482650656796e-06,0.00040294630352555864,1.2648806687005e-07,1.0818696496176544e-06,1.8723167977467e-07,1.982851419235708e-06,2.825021125152393e-07,2.4402661089558307e-05,7.514341977064643e-08,2.928199635830572e-05,4.594495056549672e-07,7.005262456989178e-05,1.4161714574404963e-06,6.771127150966358e-05,1.726096390752383e-05,0.00021895570072226692,1.2793813377905936e-05,2.532173662469498e-16,2.6987697635220565e-06,7.842334571519176e-05,1.5761375934326224e-06,2.116118949352206e-05,7.844721394826701e-08,0.00019660002178320865,0.00017173804497016613,1.0,0.000237279101583629,0.11860010239469651,6.540045540982979e-05,0.0008102815901501357
42,1.6379945739442583e-06,1.7342010776421916e-08,1.3024324907653317e-07,1.574871233658125e-08,6.484436326661505e-07,6.484436326661506e-09,1.3776087710591706e-05,1.3776087710591707e-07,3.2892631304716693e-06,6.488206368497008e-08,0.012457732661790897,0.000903754453790605,0.06557338946859206,0.00023764465595520765,0.010973610850778881,7.575188216239934e-05,1.3329525824856515e-05,5.84948009103804e-07,1.5454940049653278e-06,4.676147416043524e-09,2.3472122303916196e-06,1.2799686658660057e-10,6.2656450467717e-06,1.4946843323765362e-08,1.3608501476226154e-06,1.6958082050035398e-07,1.7006827266304162e-05,1.6929189920508296e-07,0.00011832308116974023,1.7212126253113205e-06,0.0005675207541552717,2.298154237449019e-05,0.0026503996262871735,5.091062057281882e-16,3.375911523015948e-05,8.402543845187853e-08,2.3772692482945777e-05,4.399476075169718e-08,4.038996337135202e-06,8.475110096525113e-07,0.0005066039319200905,0.00022641117045280813,1.0,7.795314755471715e-05,0.010205882816949917,1.2747769177017855e-06
43,3.2715217642627295e-07,1.161462065205863e-05,6.743607158158437e-07,6.744734783898425e-05,1.8383837420981415e-07,1.8383837420981415e-05,2.0770199060689538e-06,0.0002077019906068954,1.0940514443070277e-06,0.0005168016231569478,0.00017317219618210523,0.0029582751184944324,9.404426499871612e-05,0.23676703794593285,0.0011476374043966166,0.03393232046652786,4.5597072094057243e-07,0.00043857711899892833,2.190802691116347e-07,4.3057146426048235e-06,5.371941616142362e-07,4.786461221943819e-06,4.491406408920143e-07,4.879541585354762e-05,3.185367469431602e-08,2.1433756437849363e-05,1.628003623139709e-07,0.0006054963207254554,1.9902215996097097e-06,0.0011308867848037333,1.6695379965416598e-05,0.01156207328071742,7.654405576682797e-05,3.712817672664864e-14,5.064827981974053e-07,0.00018849682280104704,2.807488963478403e-06,6.074906192975865e-05,1.611176614260281e-07,0.00018754356073532292,9.410816488468949e-06,0.12438100697457077,8.567700955210322e-05,1.0,0.00022420118329216792,0.0007355353685499531
44,4.682098635894435e-05,4.435555377066068e-07,1.9108398141567208e-06,4.8891950792519716e-08,1.5857996476614904e-06,1.5857996476614905e-08,1.552532299044764e-05,1.5525322990447642e-07,1.126577688332999e-06,1.3650518341463206e-05,0.013533398368337396,0.00014604845419016567,0.006268264361914854,7.675002352744872e-05,0.014657568142708332,0.0006456732076548916,0.0003337091341949037,1.7426845237952381e-07,5.7624552628155886e-06,5.779154191053117e-08,2.6605776610193293e-07,3.466441796774304e-08,1.2489298127944472e-06,4.711627188713845e-08,3.617113601657028e-06,4.652450722188363e-07,6.139050996831002e-05,2.8149474712681923e-07,4.0636403980321785e-06,4.78706290485898e-06,0.001745049838329842,1.003787528328983e-05,0.011886560845843133,1.6291794335608144e-17,0.002632481380233375,1.6678523718482246e-07,4.5162778026820364e-05,2.082291912668696e-08,8.0178915288413e-06,6.404576081624754e-07,0.2035249213767071,7.29895026480265e-05,0.0119369080586986,0.00023858796214773983,1.0,3.0364675654093444e-06
45,1.0550586548129208e-06,0.00020435281423337935,5.222067109074884e-07,0.0005039841037124362,5.977043819642382e-07,5.977043819642381e-05,5.6967621839437e-06,0.0005696762183943699,1.8120252279583315e-05,0.002911251963117139,4.928381820097989e-06,0.0005076658374607127,8.199132127353173e-07,0.0017883200853760321,2.8593917838982916e-05,5.951126333328386e-05,0.0005537278243748095,0.00024510048071286334,7.813234199108567e-07,4.118870550485247e-05,9.563856631968857e-07,1.0733748605860665e-05,8.464221156991986e-07,0.00038360986735232964,1.4317828597473157e-07,0.0015536429197051578,6.906336748123354e-05,0.0008779375084574053,1.9933198603695264e-05,0.0030363535245188436,6.651826103124734e-07,0.005515634073165083,7.7733249536194e-05,8.141310350385849e-15,6.255014056677024e-05,0.0005096300314128087,2.2991222260766557e-06,0.00014581219397443934,1.0149732676306546e-05,0.15533055588506947,1.4722786038984016e-05,0.0011926684333730157,1.966434946697594e-06,0.0010323294321188134,4.004725634563475e-06,1.0
